Date,KR,Ktem
1/1/2011,0.6,31.3
1/2/2011,0.3,31
1/3/2011,0.2,29.5
1/4/2011,0.3,28.6
1/5/2011,0,28.5
1/6/2011,1.2,27.5
1/7/2011,5,27.6
1/8/2011,56.6,27.9
1/9/2011,34.8,21.5
1/10/2011,2.5,26
1/11/2011,0,26.6
1/12/2011,7.8,25
1/13/2011,2.1,23
1/14/2011,15.4,24.6
1/15/2011,0,31.5
1/16/2011,0,30
1/17/2011,0,32.2
1/18/2011,0,32
1/19/2011,0,32.3
1/20/2011,0,31.3
1/21/2011,0,31
1/22/2011,0,30
1/23/2011,0,30.6
1/24/2011,0,30.8
1/25/2011,6.8,31.1
1/26/2011,0.3,28.4
1/27/2011,4.7,28
1/28/2011,1.2,30.5
1/29/2011,11.8,30.8
1/30/2011,0.5,31.7
1/31/2011,25.4,28.5
2/1/2011,20.2,26.3
2/2/2011,58.1,24
2/3/2011,16.2,25.5
2/4/2011,10.6,25.6
2/5/2011,1.8,26.2
2/6/2011,8.1,28.6
2/7/2011,8.7,25.7
2/8/2011,0,29.5
2/9/2011,0,31.5
2/10/2011,0,30.9
2/11/2011,0,29.9
2/12/2011,0,31.8
2/13/2011,0,32.3
2/14/2011,0,32.8
2/15/2011,0,32.9
2/16/2011,0,33
2/17/2011,0,34.2
2/18/2011,0,33
2/19/2011,3.9,34
2/20/2011,0,33.5
2/21/2011,20.7,33.8
2/22/2011,0,33
2/23/2011,0,32.6
2/24/2011,0,33.1
2/25/2011,0,32.6
2/26/2011,0,32.2
2/27/2011,0,32.5
2/28/2011,6.1,32.8
3/1/2011,0,30.9
3/2/2011,0,31.8
3/3/2011,0,33.3
3/4/2011,13,32.9
3/5/2011,0,33.5
3/6/2011,0,34
3/7/2011,0,34.4
3/8/2011,0,35.3
3/9/2011,0,35.6
3/10/2011,0,35.7
3/11/2011,0,34
3/12/2011,3.1,34.4
3/13/2011,0,34.7
3/14/2011,4,33.8
3/15/2011,0,33.5
3/16/2011,0,34.4
3/17/2011,0,34.1
3/18/2011,0,34.1
3/19/2011,0,35.1
3/20/2011,14.5,35.5
3/21/2011,0,35
3/22/2011,0,34
3/23/2011,1,34
3/24/2011,0.9,32.3
3/25/2011,47.8,33.5
3/26/2011,0,34.1
3/27/2011,2.5,34.7
3/28/2011,0,34.1
3/29/2011,0,34.5
3/30/2011,0,34.5
3/31/2011,0,35.5
4/1/2011,0,35
4/2/2011,0,35
4/3/2011,0,34
4/4/2011,14.5,34.8
4/5/2011,0,34.7
4/6/2011,0,34.9
4/7/2011,0,34
4/8/2011,15.7,34
4/9/2011,56.3,33
4/10/2011,13.5,34
4/11/2011,0,34
4/12/2011,10.7,33
4/13/2011,3.5,34
4/14/2011,25.6,33.1
4/15/2011,2,33.2
4/16/2011,26.4,33.5
4/17/2011,144.4,34.1
4/18/2011,2.4,33
4/19/2011,29.9,33
4/20/2011,92.9,33
4/21/2011,35.2,34.2
4/22/2011,77.4,32.9
4/23/2011,15.2,30.4
4/24/2011,0,32.6
4/25/2011,0.3,30.8
4/26/2011,14.1,31.3
4/27/2011,7.5,31.3
4/28/2011,46.2,27.5
4/29/2011,0,32.9
4/30/2011,0.4,32
5/1/2011,84.7,31.2
5/2/2011,1.3,30.2
5/3/2011,0,32.4
5/4/2011,0,32.1
5/5/2011,0,32.4
5/6/2011,0,33
5/7/2011,0,33
5/8/2011,0,33.4
5/9/2011,0,32.7
5/10/2011,0,32.3
5/11/2011,0,33.6
5/12/2011,0,33.3
5/13/2011,0,33.4
5/14/2011,0,34
5/15/2011,0,33.7
5/16/2011,0,35.1
5/17/2011,2.9,33.5
5/18/2011,0,34.1
5/19/2011,0,34
5/20/2011,0,34
5/21/2011,0,34.6
5/22/2011,0,33.9
5/23/2011,0,34.1
5/24/2011,1.1,34.7
5/25/2011,18.8,33.5
5/26/2011,19.4,32.5
5/27/2011,15.7,31
5/28/2011,24.6,29.6
5/29/2011,16.1,31
5/30/2011,2.2,32
5/31/2011,36.2,30.6
6/1/2011,22.2,30.9
6/2/2011,0,31.5
6/3/2011,1,32.7
6/4/2011,0,31.4
6/5/2011,0,32.7
6/6/2011,11.2,30.5
6/7/2011,2.9,32
6/8/2011,0.1,32.1
6/9/2011,8.5,30.4
6/10/2011,0,32.1
6/11/2011,0,32.5
6/12/2011,0,32.5
6/13/2011,0,32.5
6/14/2011,5.2,31.5
6/15/2011,0.7,30.5
6/16/2011,3.9,30.4
6/17/2011,2.9,32
6/18/2011,5.9,31.5
6/19/2011,0,32.2
6/20/2011,0,31.9
6/21/2011,0,32.2
6/22/2011,0,31.9
6/23/2011,0,32
6/24/2011,0,31.7
6/25/2011,0,31.6
6/26/2011,0,31.6
6/27/2011,0.2,32
6/28/2011,0,31.8
6/29/2011,0,33
6/30/2011,0,33.4
7/1/2011,0,32.7
7/2/2011,0,32.6
7/3/2011,0,32.8
7/4/2011,0,33.5
7/5/2011,1,32.7
7/6/2011,0,32.1
7/7/2011,0,33.3
7/8/2011,0,33.1
7/9/2011,0,32
7/10/2011,0,32.5
7/11/2011,0,33
7/12/2011,6.6,31.2
7/13/2011,0,30.9
7/14/2011,0,32
7/15/2011,22,33
7/16/2011,1.7,30.5
7/17/2011,4.1,29.5
7/18/2011,0,30.9
7/19/2011,0,32
7/20/2011,0.1,31
7/21/2011,0,31.5
7/22/2011,0,32.7
7/23/2011,0.6,31.5
7/24/2011,0,32.6
7/25/2011,0.2,31.1
7/26/2011,0,33.2
7/27/2011,0,32.3
7/28/2011,0.2,32.7
7/29/2011,0,32
7/30/2011,0,32.1
7/31/2011,0,33
8/1/2011,0,33.9
8/2/2011,0.2,33.4
8/3/2011,10.4,32
8/4/2011,0,33.3
8/5/2011,15.1,31
8/6/2011,0.7,29.2
8/7/2011,0,32.1
8/8/2011,2.7,32.2
8/9/2011,0.2,32.4
8/10/2011,0,33
8/11/2011,0,32.6
8/12/2011,0,32.5
8/13/2011,0,32.5
8/14/2011,0,32.5
8/15/2011,4.8,30.3
8/16/2011,6.4,29
8/17/2011,2.1,32.3
8/18/2011,0,33
8/19/2011,0,33.1
8/20/2011,0,32.7
8/21/2011,0,32.7
8/22/2011,11.4,31
8/23/2011,12.5,32.2
8/24/2011,0,29
8/25/2011,2.1,31.5
8/26/2011,1.6,32.3
8/27/2011,0.2,31
8/28/2011,0,32
8/29/2011,2.5,32.5
8/30/2011,4.4,30.6
8/31/2011,9.7,32.5
9/1/2011,0,31.6
9/2/2011,8,32
9/3/2011,1.6,30.6
9/4/2011,0,32.2
9/5/2011,0,32.4
9/6/2011,0.4,32.9
9/7/2011,0,31.9
9/8/2011,0,33.6
9/9/2011,5,32.5
9/10/2011,26.2,29.8
9/11/2011,25.2,30.5
9/12/2011,55.7,28.7
9/13/2011,6.9,29.8
9/14/2011,5.7,29.5
9/15/2011,7,30
9/16/2011,0,31
9/17/2011,0,32
9/18/2011,0,32.9
9/19/2011,0,32.7
9/20/2011,0.5,32.2
9/21/2011,0.3,30.7
9/22/2011,0,31.9
9/23/2011,0,33
9/24/2011,0,32.6
9/25/2011,0,33
9/26/2011,0,33.4
9/27/2011,0,33.6
9/28/2011,0,32.7
9/29/2011,0,32.7
9/30/2011,0,33.4
10/1/2011,0,33.4
10/2/2011,0,34.4
10/3/2011,0,34.1
10/4/2011,0,34.1
10/5/2011,0,34.6
10/6/2011,0,34.3
10/7/2011,0,34.1
10/8/2011,0,34
10/9/2011,0,33.8
10/10/2011,0,34.7
10/11/2011,0,31.5
10/12/2011,1,31.4
10/13/2011,0,34.6
10/14/2011,7.9,34
10/15/2011,0,33.7
10/16/2011,0,34.9
10/17/2011,0,34
10/18/2011,2.1,34.1
10/19/2011,12.7,31.6
10/20/2011,4.6,33.2
10/21/2011,20.4,33.7
10/22/2011,1,31.4
10/23/2011,15.9,32.8
10/24/2011,7.2,32.4
10/25/2011,34.5,31.5
10/26/2011,20.1,31.9
10/27/2011,2.8,31.5
10/28/2011,15.2,32
10/29/2011,0,30.8
10/30/2011,8.2,31
10/31/2011,2.1,31
11/1/2011,7.2,31
11/2/2011,0,30.5
11/3/2011,0,30.5
11/4/2011,0,33.4
11/5/2011,0,32.3
11/6/2011,8.7,31.9
11/7/2011,0.5,32.8
11/8/2011,0,31.8
11/9/2011,0,32
11/10/2011,0,32
11/11/2011,0,32.6
11/12/2011,0,33.2
11/13/2011,0,34
11/14/2011,0,33.6
11/15/2011,0,33.6
11/16/2011,0,33.5
11/17/2011,1.1,32.6
11/18/2011,0,34
11/19/2011,0,33
11/20/2011,1.2,31.5
11/21/2011,9.7,29.7
11/22/2011,6.5,30.9
11/23/2011,5,27.5
11/24/2011,8.2,29
11/25/2011,10.1,26
11/26/2011,0,30.5
11/27/2011,0.3,32.4
11/28/2011,0,30.5
11/29/2011,65.5,30.7
11/30/2011,0,31.8
12/1/2011,0,32.3
12/2/2011,39.6,31.8
12/3/2011,0,32.5
12/4/2011,0,32
12/5/2011,0,32
12/6/2011,0,32.5
12/7/2011,0,31.4
12/8/2011,0,32.7
12/9/2011,1.3,33
12/10/2011,0,33.2
12/11/2011,1.4,32.3
12/12/2011,6.1,31.9
12/13/2011,0.1,30.3
12/14/2011,0,27.3
12/15/2011,0,30.5
12/16/2011,0,30.8
12/17/2011,3.4,31
12/18/2011,5.3,31
12/19/2011,3.8,29.2
12/20/2011,4.1,27.3
12/21/2011,0.4,27.8
12/22/2011,0.5,28.2
12/23/2011,5.8,26.5
12/24/2011,0,29.9
12/25/2011,0,30.5
12/26/2011,0,29
12/27/2011,0,29.2
12/28/2011,0,29.8
12/29/2011,0,31
12/30/2011,0,31.6
12/31/2011,0,32.6
1/1/2012,0,32.2
1/2/2012,0,33.1
1/3/2012,0,32.6
1/4/2012,0,32.6
1/5/2012,2.9,29
1/6/2012,7.4,31.7
1/7/2012,1.6,32
1/8/2012,0,33
1/9/2012,0,32.5
1/10/2012,0,33.1
1/11/2012,0,32.6
1/12/2012,0,32.1
1/13/2012,0,31.8
1/14/2012,0,30.6
1/15/2012,0,30.7
1/16/2012,0,31.1
1/17/2012,0,31.4
1/18/2012,0,32.5
1/19/2012,0,31.7
1/20/2012,0,32.7
1/21/2012,0,32.6
1/22/2012,0,31.7
1/23/2012,0,32.1
1/24/2012,0,31.2
1/25/2012,0,32.4
1/26/2012,0,32.7
1/27/2012,0,33.1
1/28/2012,0,33.3
1/29/2012,0,32.8
1/30/2012,0,33.7
1/31/2012,0,32.8
2/1/2012,0,32.9
2/2/2012,0,32.3
2/3/2012,0,33.8
2/4/2012,0,33.2
2/5/2012,9.9,33.6
2/6/2012,1.8,30.3
2/7/2012,0,29.9
2/8/2012,0,32.8
2/9/2012,78.3,35.1
2/10/2012,0,34
2/11/2012,0,33
2/12/2012,0,33.2
2/13/2012,0,32.9
2/14/2012,32.1,31.5
2/15/2012,1,28.6
2/16/2012,0,31.6
2/17/2012,3.7,32.9
2/18/2012,0,32.2
2/19/2012,0,32.2
2/20/2012,0,32.9
2/21/2012,0,33.3
2/22/2012,0,31.2
2/23/2012,0,32
2/24/2012,0,33.8
2/25/2012,0,32.9
2/26/2012,0,33.5
2/27/2012,7.3,34.5
2/28/2012,9.3,32.7
2/29/2012,0,32.2
3/1/2012,0,34.1
3/2/2012,0,35.1
3/3/2012,0,34.4
3/4/2012,0,33.7
3/5/2012,0,34.6
3/6/2012,0,34.6
3/7/2012,0,33.7
3/8/2012,0,33.3
3/9/2012,0,35.4
3/10/2012,0,35.1
3/11/2012,4.2,34.8
3/12/2012,0,32.9
3/13/2012,0,35
3/14/2012,31.9,35.1
3/15/2012,0.8,32.1
3/16/2012,0,33.5
3/17/2012,0,34.7
3/18/2012,0,35.1
3/19/2012,0,35.1
3/20/2012,0,35.1
3/21/2012,0,34
3/22/2012,0,34.2
3/23/2012,0,35.3
3/24/2012,0,36.1
3/25/2012,0,35.1
3/26/2012,0,35.7
3/27/2012,21.3,34.7
3/28/2012,3.7,35.3
3/29/2012,38.4,34.3
3/30/2012,0.2,32.8
3/31/2012,4.7,34.2
4/1/2012,27.4,34.4
4/2/2012,7.1,34.2
4/3/2012,1.9,33.7
4/4/2012,8.8,34.3
4/5/2012,0,33.8
4/6/2012,0,34.2
4/7/2012,1.5,34.7
4/8/2012,2.9,34
4/9/2012,40.7,34.1
4/10/2012,40.3,33.5
4/11/2012,10.7,33.6
4/12/2012,0.2,30
4/13/2012,0,34.3
4/14/2012,13,34.1
4/15/2012,3.8,31.7
4/16/2012,16.9,33.8
4/17/2012,5.8,32.7
4/18/2012,0,32.4
4/19/2012,1.9,33.1
4/20/2012,0,32.2
4/21/2012,2.1,34.7
4/22/2012,9.4,31.8
4/23/2012,13.3,32.7
4/24/2012,6.3,32.4
4/25/2012,9.1,29.3
4/26/2012,9.9,31.4
4/27/2012,0,32.8
4/28/2012,0,33
4/29/2012,5.9,32.4
4/30/2012,0.1,32.1
5/1/2012,0,33
5/2/2012,0,32.8
5/3/2012,0,33.4
5/4/2012,0,32.9
5/5/2012,0,32.9
5/6/2012,0,33.8
5/7/2012,0,33.8
5/8/2012,0,33.7
5/9/2012,0,33.5
5/10/2012,0,33.7
5/11/2012,0,33.7
5/12/2012,0,33.6
5/13/2012,0,34.5
5/14/2012,0,33.8
5/15/2012,0,34.6
5/16/2012,0,34.2
5/17/2012,0,34.7
5/18/2012,0,34.3
5/19/2012,0,34.6
5/20/2012,0,34.6
5/21/2012,0,34.5
5/22/2012,0,34.4
5/23/2012,0,34
5/24/2012,7,34.2
5/25/2012,0.3,31.7
5/26/2012,0,30.4
5/27/2012,0.1,31.8
5/28/2012,0.7,33.2
5/29/2012,0.2,32.7
5/30/2012,0,31.8
5/31/2012,0,34.4
6/1/2012,0,33.9
6/2/2012,0,34.8
6/3/2012,0,33.7
6/4/2012,2.9,33.3
6/5/2012,0,33.6
6/6/2012,5.4,32.1
6/7/2012,3.2,32.6
6/8/2012,0,32.8
6/9/2012,0,32.4
6/10/2012,0,33.3
6/11/2012,0,33.6
6/12/2012,40.5,33.6
6/13/2012,4.4,32.6
6/14/2012,0.4,31
6/15/2012,0.2,31.9
6/16/2012,1.7,32.6
6/17/2012,7.3,30
6/18/2012,12,29.7
6/19/2012,12.5,30.9
6/20/2012,5.2,30.4
6/21/2012,0,30.5
6/22/2012,0,31.6
6/23/2012,0.2,31.1
6/24/2012,0.7,31.4
6/25/2012,10.6,30.4
6/26/2012,0,31.7
6/27/2012,0,30.7
6/28/2012,21.3,29.9
6/29/2012,0,31.2
6/30/2012,0.4,32.5
7/1/2012,5.6,29.6
7/2/2012,22.9,29.2
7/3/2012,1,31.1
7/4/2012,0,31.7
7/5/2012,0,32
7/6/2012,0,31.7
7/7/2012,0.1,31
7/8/2012,1.3,31.6
7/9/2012,26.9,28.7
7/10/2012,0,30.9
7/11/2012,0,32.7
7/12/2012,0,33.6
7/13/2012,0,32.7
7/14/2012,0,32.4
7/15/2012,0,32.2
7/16/2012,0,31.3
7/17/2012,0,31.8
7/18/2012,0.8,31.6
7/19/2012,0,32
7/20/2012,0,32.1
7/21/2012,0,31.8
7/22/2012,6.5,31.6
7/23/2012,0.1,30.3
7/24/2012,1.1,30.2
7/25/2012,0.3,30.9
7/26/2012,0,31.7
7/27/2012,0,32
7/28/2012,0,32.7
7/29/2012,0,33.3
7/30/2012,0,33.7
7/31/2012,0,34.5
8/1/2012,0,33.8
8/2/2012,0,33.7
8/3/2012,0,31.6
8/4/2012,0.4,32.7
8/5/2012,0,33.1
8/6/2012,1,32
8/7/2012,0,34
8/8/2012,0,34.5
8/9/2012,0,33
8/10/2012,0,32.1
8/11/2012,4.6,31.4
8/12/2012,0.1,32.1
8/13/2012,0,33.4
8/14/2012,0.4,34.3
8/15/2012,29.4,33.6
8/16/2012,22,30.4
8/17/2012,6.4,29.8
8/18/2012,0,31.3
8/19/2012,0,31.9
8/20/2012,0,32.5
8/21/2012,0,32.6
8/22/2012,0,32.1
8/23/2012,0.1,32.4
8/24/2012,0.2,30.7
8/25/2012,7.9,31
8/26/2012,0,31.6
8/27/2012,0,32.1
8/28/2012,0,31.8
8/29/2012,21.5,29.7
8/30/2012,4.4,29.4
8/31/2012,4.9,31.2
9/1/2012,5.7,31
9/2/2012,0.5,32.2
9/3/2012,1,31.3
9/4/2012,0,28.3
9/5/2012,0,32.4
9/6/2012,0,32.5
9/7/2012,0,31.1
9/8/2012,0,32.2
9/9/2012,0,32.7
9/10/2012,1.2,31.3
9/11/2012,0.2,33.3
9/12/2012,0,33.2
9/13/2012,0.3,33.8
9/14/2012,0.8,33.6
9/15/2012,10,31.1
9/16/2012,0,31.9
9/17/2012,0,33.5
9/18/2012,0,32.1
9/19/2012,0,33.5
9/20/2012,0,33.1
9/21/2012,0,34.7
9/22/2012,4.5,33
9/23/2012,0.1,31.6
9/24/2012,0.4,32.6
9/25/2012,0,34
9/26/2012,0,34
9/27/2012,1.8,32.3
9/28/2012,0,33.6
9/29/2012,0.2,33.6
9/30/2012,0,33.9
10/1/2012,0,34.3
10/2/2012,0,34.1
10/3/2012,0,34.7
10/4/2012,0,34.9
10/5/2012,0,35.6
10/6/2012,0,35.6
10/7/2012,0,34.8
10/8/2012,0.5,34.6
10/9/2012,49.2,35.2
10/10/2012,22.6,33.1
10/11/2012,4.2,34.2
10/12/2012,11.7,33.3
10/13/2012,7,33.6
10/14/2012,2.1,32.6
10/15/2012,15.7,32.7
10/16/2012,4.7,31.1
10/17/2012,1.2,30.2
10/18/2012,1.3,33.4
10/19/2012,42.5,31.4
10/20/2012,19.8,32.2
10/21/2012,17.5,33.2
10/22/2012,10.9,32.1
10/23/2012,6.2,31
10/24/2012,6.8,31.3
10/25/2012,0,33.5
10/26/2012,0.1,33.5
10/27/2012,6.2,33.5
10/28/2012,51.1,30.6
10/29/2012,37.1,25.7
10/30/2012,0.1,27.4
10/31/2012,38.4,29.2
11/1/2012,18.9,24.7
11/2/2012,0,32.2
11/3/2012,0,31
11/4/2012,0,33
11/5/2012,5.7,31.5
11/6/2012,18.1,31.9
11/7/2012,14.7,32.7
11/8/2012,22.1,31.5
11/9/2012,0.3,32.3
11/10/2012,8.3,32.2
11/11/2012,0.2,30.1
11/12/2012,0.1,31
11/13/2012,5.4,31.6
11/14/2012,2,30.4
11/15/2012,7.1,26.7
11/16/2012,0,28
11/17/2012,0,31.7
11/18/2012,0,32.7
11/19/2012,0,32.4
11/20/2012,0,33.3
11/21/2012,0,33.7
11/22/2012,0,33.3
11/23/2012,0.6,33.2
11/24/2012,15.1,32.6
11/25/2012,27.2,31.6
11/26/2012,14.7,30.8
11/27/2012,47.7,30.1
11/28/2012,0,29.7
11/29/2012,0,30.1
11/30/2012,0,30.6
12/1/2012,0,30.8
12/2/2012,0,30.9
12/3/2012,0,31.5
12/4/2012,0.3,32.5
12/5/2012,0.6,32.1
12/6/2012,3,30.7
12/7/2012,0.3,31.5
12/8/2012,0,30.7
12/9/2012,0,30.1
12/10/2012,0,32.1
12/11/2012,0,32.3
12/12/2012,0,31.8
12/13/2012,0,31.9
12/14/2012,0,32
12/15/2012,2.9,28.1
12/16/2012,145.6,28.6
12/17/2012,315.5,24.8
12/18/2012,1.1,26.7
12/19/2012,0,28.3
12/20/2012,0,31.7
12/21/2012,2,30.8
12/22/2012,16.8,26.5
12/23/2012,1.2,28.4
12/24/2012,6,31.5
12/25/2012,7.7,30.1
12/26/2012,3.1,30.7
12/27/2012,52.1,30
12/28/2012,0.3,31.3
12/29/2012,1,33
12/30/2012,4,32.8
12/31/2012,0,32
1/1/2013,0,31.4
1/2/2013,0,31
1/3/2013,20.2,27.1
1/4/2013,1.2,26.2
1/5/2013,0,28.7
1/6/2013,7.7,29.7
1/7/2013,65.4,26.5
1/8/2013,0.4,30.7
1/9/2013,9.2,29.9
1/10/2013,84.4,25.9
1/11/2013,0,30
1/12/2013,0,29.2
1/13/2013,0,28
1/14/2013,0,30.6
1/15/2013,0,31.3
1/16/2013,0,31.3
1/17/2013,0,31
1/18/2013,0,30.7
1/19/2013,0,31.1
1/20/2013,0,32.4
1/21/2013,0,31.7
1/22/2013,0,32.1
1/23/2013,3.7,29.2
1/24/2013,2.6,26.6
1/25/2013,0,28.5
1/26/2013,0,31.8
1/27/2013,0,32.2
1/28/2013,0,32
1/29/2013,0,32.1
1/30/2013,0,31.8
1/31/2013,0,31.9
2/1/2013,0,32.9
2/2/2013,0,32.7
2/3/2013,0,31.8
2/4/2013,0,32.1
2/5/2013,0,31.2
2/6/2013,0,31.8
2/7/2013,0,33.3
2/8/2013,0,32.5
2/9/2013,0,33.6
2/10/2013,0,33
2/11/2013,1.3,29.7
2/12/2013,13.4,27.8
2/13/2013,3.9,30.6
2/14/2013,5.9,30.7
2/15/2013,0,32.7
2/16/2013,3.1,33.7
2/17/2013,0.1,33.2
2/18/2013,21.3,32.7
2/19/2013,3.9,33.4
2/20/2013,0,33.1
2/21/2013,0,32.9
2/22/2013,0,33
2/23/2013,0,32
2/24/2013,0,32.6
2/25/2013,0,33.1
2/26/2013,0,33.6
2/27/2013,0,33
2/28/2013,0,34.2
3/1/2013,0,34.1
3/2/2013,0,34
3/3/2013,1.8,33.2
3/4/2013,5.8,28.3
3/5/2013,0,35.1
3/6/2013,4,34.9
3/7/2013,0,33.7
3/8/2013,0,31.8
3/9/2013,0,33.3
3/10/2013,0,35.9
3/11/2013,0,35.7
3/12/2013,0,35.7
3/13/2013,0,35
3/14/2013,22.9,34.8
3/15/2013,3.9,33.9
3/16/2013,19.4,35.1
3/17/2013,0,34.9
3/18/2013,0,34.5
3/19/2013,0,34.6
3/20/2013,0,35.4
3/21/2013,0,35.7
3/22/2013,0,33.7
3/23/2013,9.5,34.1
3/24/2013,7.2,33.2
3/25/2013,15.8,33.5
3/26/2013,9.9,33.7
3/27/2013,0,34.6
3/28/2013,59.8,34.6
3/29/2013,0.3,33.7
3/30/2013,0,34.2
3/31/2013,0,34.8
4/1/2013,0,35
4/2/2013,0,34.1
4/3/2013,0,34.3
4/4/2013,0,33.2
4/5/2013,0,33.6
4/6/2013,0,33.8
4/7/2013,0,34.7
4/8/2013,0,34.8
4/9/2013,7,35.8
4/10/2013,0,32.1
4/11/2013,0,32.9
4/12/2013,14.7,34.9
4/13/2013,23.6,34
4/14/2013,0,34.6
4/15/2013,7.3,32.6
4/16/2013,0,33.8
4/17/2013,0,34
4/18/2013,0,34.7
4/19/2013,0,34.4
4/20/2013,0,34.3
4/21/2013,0,34.7
4/22/2013,17.8,34.8
4/23/2013,8.9,34.6
4/24/2013,6.3,34.8
4/25/2013,24.7,33.6
4/26/2013,22.1,33.8
4/27/2013,0,34
4/28/2013,0,34
4/29/2013,0,34.1
4/30/2013,0,33.7
5/1/2013,63.9,34
5/2/2013,0.5,33.2
5/3/2013,8.3,29.3
5/4/2013,1.4,33
5/5/2013,0,32.4
5/6/2013,12.7,32.6
5/7/2013,0,32.2
5/8/2013,0,32.7
5/9/2013,0,32.9
5/10/2013,0,33.4
5/11/2013,0,31.8
5/12/2013,1.7,31.9
5/13/2013,111.1,28.9
5/14/2013,0,32.2
5/15/2013,0.1,32
5/16/2013,0,32.8
5/17/2013,0,33.9
5/18/2013,0,33.1
5/19/2013,0.1,32.9
5/20/2013,0,29.2
5/21/2013,0,31.8
5/22/2013,0.5,32.6
5/23/2013,0.2,32.5
5/24/2013,1,32.6
5/25/2013,3.5,30.2
5/26/2013,0.2,30.8
5/27/2013,0,32.5
5/28/2013,0.6,31.4
5/29/2013,1.2,32.2
5/30/2013,15.6,29.4
5/31/2013,20.3,28.5
6/1/2013,26.2,28.7
6/2/2013,6.4,31.2
6/3/2013,0.3,30.4
6/4/2013,0,30.7
6/5/2013,6.5,30.4
6/6/2013,0,31.2
6/7/2013,16,31.2
6/8/2013,18,26.4
6/9/2013,5.7,30.2
6/10/2013,0.5,31.4
6/11/2013,7.6,30.6
6/12/2013,10.3,30.2
6/13/2013,23,28.7
6/14/2013,8.9,30.5
6/15/2013,0,30.1
6/16/2013,19.3,30
6/17/2013,6.5,27.9
6/18/2013,0,30.2
6/19/2013,0.5,30.9
6/20/2013,1,30.2
6/21/2013,0,30.9
6/22/2013,1.8,29.8
6/23/2013,0.9,29.2
6/24/2013,0.3,30.2
6/25/2013,20.4,29.7
6/26/2013,0,30.2
6/27/2013,0,31.4
6/28/2013,1.3,30.3
6/29/2013,1.8,30.4
6/30/2013,0.2,31
7/1/2013,2.7,30.4
7/2/2013,4.6,29.4
7/3/2013,1.5,30.1
7/4/2013,1.2,30.7
7/5/2013,2,30.8
7/6/2013,0.4,32.1
7/7/2013,0.9,30.1
7/8/2013,0.3,30.2
7/9/2013,2.9,30
7/10/2013,0.3,29.6
7/11/2013,0,32.5
7/12/2013,0,30.8
7/13/2013,0,31.2
7/14/2013,0,31.3
7/15/2013,1.8,31.1
7/16/2013,1.3,29.6
7/17/2013,0.4,30.8
7/18/2013,0,29.8
7/19/2013,0,31.4
7/20/2013,0,31.8
7/21/2013,0.1,31.8
7/22/2013,7,29.7
7/23/2013,3.9,30.2
7/24/2013,17.2,29.7
7/25/2013,5.3,29.6
7/26/2013,11.8,28.7
7/27/2013,0,32.1
7/28/2013,0,32.6
7/29/2013,0,33
7/30/2013,0,31.1
7/31/2013,0,31.6
8/1/2013,0,32
8/2/2013,3.2,30.2
8/3/2013,0,32
8/4/2013,10,30
8/5/2013,1.4,29.6
8/6/2013,0,30.6
8/7/2013,0,31.1
8/8/2013,0,30.7
8/9/2013,0.4,31.1
8/10/2013,0,30.4
8/11/2013,0,31.1
8/12/2013,1.7,30
8/13/2013,0,30.3
8/14/2013,0,30.3
8/15/2013,0,31.3
8/16/2013,0,31.7
8/17/2013,0.1,32
8/18/2013,0,32.7
8/19/2013,0,32.7
8/20/2013,0.4,32.3
8/21/2013,0,31.4
8/22/2013,0,32.8
8/23/2013,0,32.8
8/24/2013,0,32.8
8/25/2013,0,33.1
8/26/2013,0,32.8
8/27/2013,1.8,34.7
8/28/2013,0,34
8/29/2013,5.1,36.7
8/30/2013,0,36.7
8/31/2013,0.4,34.3
9/1/2013,2.7,33.7
9/2/2013,0,32.3
9/3/2013,0.2,32.5
9/4/2013,0,32.1
9/5/2013,2.8,29.2
9/6/2013,61.8,29.3
9/7/2013,2.8,26.5
9/8/2013,1.1,31
9/9/2013,6.3,30
9/10/2013,1.8,30.3
9/11/2013,16.3,29.3
9/12/2013,68.7,25.7
9/13/2013,5,28.9
9/14/2013,1.2,30.2
9/15/2013,4.1,30.7
9/16/2013,11,30.8
9/17/2013,17.3,28
9/18/2013,9.2,27.7
9/19/2013,11.4,30.3
9/20/2013,3.3,29.5
9/21/2013,0,31.4
9/22/2013,0,31.9
9/23/2013,0,31.4
9/24/2013,0,32.1
9/25/2013,0,32
9/26/2013,0,32.2
9/27/2013,0,33
9/28/2013,0,32.5
9/29/2013,0,32
9/30/2013,2.3,31.7
10/1/2013,1.7,31.4
10/2/2013,1.2,31.6
10/3/2013,0,32.4
10/4/2013,0,32.1
10/5/2013,0,32.5
10/6/2013,0,33
10/7/2013,0,33
10/8/2013,0,33.3
10/9/2013,9.6,30.6
10/10/2013,1,29.6
10/11/2013,0.7,31.4
10/12/2013,0.2,31.6
10/13/2013,0.8,30.2
10/14/2013,0,33
10/15/2013,0,32.9
10/16/2013,3.3,33.1
10/17/2013,9.2,33.2
10/18/2013,69.9,32
10/19/2013,139.6,29.4
10/20/2013,10.6,29.2
10/21/2013,2.4,30.3
10/22/2013,6.1,31.1
10/23/2013,0.1,31.3
10/24/2013,0,31.5
10/25/2013,0,32.4
10/26/2013,0,32.5
10/27/2013,0,32.2
10/28/2013,0,32.6
10/29/2013,0.9,32.8
10/30/2013,17.3,32.6
10/31/2013,22.8,31
11/1/2013,0,33
11/2/2013,0,32
11/3/2013,1.6,32.6
11/4/2013,0,33.4
11/5/2013,0,33.4
11/6/2013,0,33.3
11/7/2013,0,32.7
11/8/2013,0,32.7
11/9/2013,0,32.6
11/10/2013,0.6,33.5
11/11/2013,1,30.7
11/12/2013,0,30.6
11/13/2013,0.2,30.7
11/14/2013,0,31.1
11/15/2013,0,30.5
11/16/2013,0.4,30.9
11/17/2013,49,31.6
11/18/2013,5.8,33.1
11/19/2013,46.5,32.8
11/20/2013,0,32
11/21/2013,0,32.6
11/22/2013,18,32.7
11/23/2013,63,32.8
11/24/2013,0.3,29.4
11/25/2013,0,32.4
11/26/2013,0,32.7
11/27/2013,0,31.7
11/28/2013,0,31.2
11/29/2013,0,31.3
11/30/2013,3.7,32.7
12/1/2013,6,29.4
12/2/2013,0,28.9
12/3/2013,0,28.2
12/4/2013,0.7,29.3
12/5/2013,3,27.7
12/6/2013,0.2,29.1
12/7/2013,0,30.9
12/8/2013,0,28.6
12/9/2013,0,31
12/10/2013,0,31.1
12/11/2013,0,31.8
12/12/2013,2.3,32.1
12/13/2013,0,31.5
12/14/2013,5.4,30.1
12/15/2013,13.5,27
12/16/2013,0,27.8
12/17/2013,0,29.1
12/18/2013,0,30.3
12/19/2013,0,30.4
12/20/2013,0,30.6
12/21/2013,0,29.8
12/22/2013,0,30.3
12/23/2013,0.3,30.4
12/24/2013,0.4,31
12/25/2013,0,29.6
12/26/2013,0,29.8
12/27/2013,0,31.1
12/28/2013,0,30.2
12/29/2013,0,31.2
12/30/2013,0,31.2
12/31/2013,0,31.2
1/1/2014,0,31.2
1/2/2014,0,31.2
1/3/2014,0,31
1/4/2014,0.9,28
1/5/2014,2,28.2
1/6/2014,6.2,28.1
1/7/2014,0,31.8
1/8/2014,0.8,33
1/9/2014,0,31.3
1/10/2014,0,32
1/11/2014,0,32.2
1/12/2014,9,31.8
1/13/2014,0,30.8
1/14/2014,0.2,32.6
1/15/2014,10.2,27.1
1/16/2014,0,30.7
1/17/2014,0,31.3
1/18/2014,0,31.3
1/19/2014,0,31.5
1/20/2014,0,31.5
1/21/2014,0,32.2
1/22/2014,0,32.1
1/23/2014,0,32.9
1/24/2014,0,32
1/25/2014,0,31.6
1/26/2014,0,31.8
1/27/2014,0,31
1/28/2014,0.3,29.8
1/29/2014,0,31.1
1/30/2014,0,32.1
1/31/2014,0,33.1
2/1/2014,0,33.6
2/2/2014,0,32.3
2/3/2014,0,33.2
2/4/2014,0,33
2/5/2014,0,33.1
2/6/2014,0,33.1
2/7/2014,0,31.9
2/8/2014,0,32.4
2/9/2014,0,33.8
2/10/2014,0,34.1
2/11/2014,0,34.4
2/12/2014,0,33.2
2/13/2014,0,34.1
2/14/2014,0,34.5
2/15/2014,0,34.5
2/16/2014,0,34.2
2/17/2014,0,34.6
2/18/2014,0,35
2/19/2014,0,35.7
2/20/2014,0,32.2
2/21/2014,0,35.5
2/22/2014,0,35.2
2/23/2014,5.1,35.6
2/24/2014,0,35.4
2/25/2014,0,36.2
2/26/2014,0,34.7
2/27/2014,0,33
2/28/2014,0,35.3
3/1/2014,0,35.7
3/2/2014,0,36
3/3/2014,22.6,34.5
3/4/2014,0,35.1
3/5/2014,39.4,35.5
3/6/2014,0,34.5
3/7/2014,0.7,33.7
3/8/2014,0,34
3/9/2014,0,33.7
3/10/2014,0,35.1
3/11/2014,0,33.7
3/12/2014,0,34
3/13/2014,0,35.4
3/14/2014,0,34.4
3/15/2014,0,33.3
3/16/2014,0,35.2
3/17/2014,0,35.2
3/18/2014,0,34.9
3/19/2014,0,33
3/20/2014,0,36.3
3/21/2014,0,36.7
3/22/2014,0,37.6
3/23/2014,0,37.3
3/24/2014,0,36.2
3/25/2014,0,36.5
3/26/2014,0,36.6
3/27/2014,0.6,35.7
3/28/2014,0,37.4
3/29/2014,0,38.4
3/30/2014,0,38.4
3/31/2014,0,36.4
4/1/2014,0,35.4
4/2/2014,0,35.7
4/3/2014,0,37.6
4/4/2014,0,35.8
4/5/2014,32.9,35.1
4/6/2014,13.8,35.2
4/7/2014,79.8,35.4
4/8/2014,59.5,33.8
4/9/2014,0,33.6
4/10/2014,0.1,34.2
4/11/2014,0,33.7
4/12/2014,0,33.8
4/13/2014,0.8,35.2
4/14/2014,26.2,35
4/15/2014,2,34.7
4/16/2014,31.9,34.1
4/17/2014,8.2,33.3
4/18/2014,0,34.1
4/19/2014,10.5,34.5
4/20/2014,21.5,34.8
4/21/2014,35.8,34.9
4/22/2014,84.1,33.2
4/23/2014,0.7,32.6
4/24/2014,34.9,33.7
4/25/2014,0.3,33.7
4/26/2014,5.9,35
4/27/2014,11,33.9
4/28/2014,47.9,33
4/29/2014,34.1,32.3
4/30/2014,34.5,33
5/1/2014,1.8,31.3
5/2/2014,22.6,33.8
5/3/2014,50.7,31.7
5/4/2014,1.4,31.6
5/5/2014,5.1,31.3
5/6/2014,5.7,31.6
5/7/2014,0.2,32.5
5/8/2014,43.5,33.1
5/9/2014,21.5,31.6
5/10/2014,0,32.6
5/11/2014,0,33
5/12/2014,0,33.1
5/13/2014,0,33
5/14/2014,0,32.5
5/15/2014,0,33
5/16/2014,0,33
5/17/2014,0,32.3
5/18/2014,0,33.4
5/19/2014,0,33.6
5/20/2014,0,33.3
5/21/2014,0.3,31.9
5/22/2014,0,33.7
5/23/2014,0,33.6
5/24/2014,0,32.8
5/25/2014,0.3,32.3
5/26/2014,0,34.5
5/27/2014,0,33.7
5/28/2014,0.2,32.7
5/29/2014,6.9,32.8
5/30/2014,0,32.7
5/31/2014,0,33.5
6/1/2014,0,33
6/2/2014,5.1,29.6
6/3/2014,8.9,27.6
6/4/2014,0.4,31.7
6/5/2014,1.8,32.2
6/6/2014,0,32.2
6/7/2014,0,32.6
6/8/2014,11.4,31.8
6/9/2014,3.2,31.5
6/10/2014,2,32.5
6/11/2014,1.8,31.6
6/12/2014,5.3,30.8
6/13/2014,0,32
6/14/2014,0,32.7
6/15/2014,0,33.3
6/16/2014,0,32.9
6/17/2014,0,31
6/18/2014,0.5,32
6/19/2014,2.7,32.2
6/20/2014,6.3,31.6
6/21/2014,0,32.3
6/22/2014,0,32
6/23/2014,0,32.6
6/24/2014,0.3,31.9
6/25/2014,0,31.6
6/26/2014,0,31.9
6/27/2014,0,33
6/28/2014,0.3,32.7
6/29/2014,3.2,31.7
6/30/2014,21.5,29.8
7/1/2014,4.3,28.3
7/2/2014,0,32.2
7/3/2014,0,32.2
7/4/2014,0,31.8
7/5/2014,1.5,30.7
7/6/2014,0,32
7/7/2014,0,31.8
7/8/2014,0,31.7
7/9/2014,0.7,31.4
7/10/2014,19.7,30.2
7/11/2014,0,30.4
7/12/2014,0,30.9
7/13/2014,0,31.2
7/14/2014,0.4,30.7
7/15/2014,1,30.5
7/16/2014,0,31.8
7/17/2014,0,32
7/18/2014,0.1,32.7
7/19/2014,0,32.2
7/20/2014,0,30.2
7/21/2014,0,32.6
7/22/2014,9.1,31.5
7/23/2014,0,32.1
7/24/2014,0,32.6
7/25/2014,0,32.6
7/26/2014,0.8,32.2
7/27/2014,1.1,30.3
7/28/2014,1,32.5
7/29/2014,0.2,33
7/30/2014,1.2,31.7
7/31/2014,12.1,32.3
8/1/2014,11,29.8
8/2/2014,0.8,31.3
8/3/2014,0.9,31
8/4/2014,1.3,30.6
8/5/2014,0,31.6
8/6/2014,0.1,31.2
8/7/2014,0,32
8/8/2014,53.2,31.2
8/9/2014,0,30.8
8/10/2014,0.5,30.8
8/11/2014,13.6,29.2
8/12/2014,0.1,31
8/13/2014,0,31.2
8/14/2014,0,31.6
8/15/2014,0,31.6
8/16/2014,0.8,31.7
8/17/2014,2,28.3
8/18/2014,0.7,31.5
8/19/2014,0.7,31.7
8/20/2014,0,32.1
8/21/2014,3.7,29.6
8/22/2014,55.8,26.6
8/23/2014,10.9,30.3
8/24/2014,4.4,31.6
8/25/2014,0,32.5
8/26/2014,0,31.6
8/27/2014,0,31.9
8/28/2014,0,31.5
8/29/2014,0,31.7
8/30/2014,6.4,31.1
8/31/2014,0,32.1
9/1/2014,13.4,31.4
9/2/2014,0.3,30.6
9/3/2014,9.4,30.7
9/4/2014,0.1,31.8
9/5/2014,4.4,31.3
9/6/2014,0,30.8
9/7/2014,6.2,29.9
9/8/2014,0.3,29.7
9/9/2014,0,31.3
9/10/2014,2,30.8
9/11/2014,0,32.1
9/12/2014,0.1,32.3
9/13/2014,0.3,31.4
9/14/2014,8.9,31.2
9/15/2014,12.6,30.8
9/16/2014,0,31.1
9/17/2014,0,31.8
9/18/2014,0.2,30.8
9/19/2014,0,32.2
9/20/2014,0,31.9
9/21/2014,0,32.4
9/22/2014,0,33.1
9/23/2014,0.7,33.4
9/24/2014,2.9,33.8
9/25/2014,53.2,34
9/26/2014,3.4,31.4
9/27/2014,2.5,33.3
9/28/2014,7,33.7
9/29/2014,2.3,33.1
9/30/2014,162.6,31.8
10/1/2014,28.2,32.6
10/2/2014,0,29.3
10/3/2014,0.3,32.3
10/4/2014,2.9,32.1
10/5/2014,0,31.7
10/6/2014,0,31.7
10/7/2014,6.8,30.1
10/8/2014,8.4,31
10/9/2014,12.8,30.5
10/10/2014,3.5,30
10/11/2014,0,31.8
10/12/2014,0.1,31.9
10/13/2014,0,32.8
10/14/2014,6.2,33.3
10/15/2014,46,33.5
10/16/2014,11.2,31.7
10/17/2014,84,32.2
10/18/2014,1.2,29.6
10/19/2014,5.9,30.2
10/20/2014,25.7,31.1
10/21/2014,24.3,30.8
10/22/2014,56.2,31.8
10/23/2014,0.9,31.1
10/24/2014,73.5,32.9
10/25/2014,7.8,32.6
10/26/2014,1.2,32.2
10/27/2014,32.7,32.3
10/28/2014,16.2,32.9
10/29/2014,0.5,31.2
10/30/2014,70.5,29.7
10/31/2014,0,28.2
11/1/2014,17.7,30.5
11/2/2014,28.6,29.2
11/3/2014,25.1,27.6
11/4/2014,4.7,25.7
11/5/2014,4.1,29.9
11/6/2014,0,31.9
11/7/2014,0,32.4
11/8/2014,0,32.3
11/9/2014,0,31.8
11/10/2014,3.3,31.7
11/11/2014,0,32.4
11/12/2014,0,30.7
11/13/2014,7.7,32.4
11/14/2014,0.1,32.1
11/15/2014,0,32.6
11/16/2014,3.7,31
11/17/2014,0,31.8
11/18/2014,1.5,31.2
11/19/2014,2.6,27.6
11/20/2014,4.6,31.6
11/21/2014,0,30
11/22/2014,4,27.8
11/23/2014,3.9,30.2
11/24/2014,3.9,31
11/25/2014,13.2,25.2
11/26/2014,20.1,24.5
11/27/2014,38.9,28
11/28/2014,6.1,28.4
11/29/2014,3.1,26.8
11/30/2014,7.2,24.5
12/1/2014,30.2,31.6
12/2/2014,46.1,31.2
12/3/2014,10.2,26.2
12/4/2014,0,30.1
12/5/2014,0,30.4
12/6/2014,0,29.4
12/7/2014,0.3,31.4
12/8/2014,0.3,30.2
12/9/2014,5.3,33.1
12/10/2014,3,32
12/11/2014,0.4,32.5
12/12/2014,3.7,32.2
12/13/2014,0,32
12/14/2014,0,32.3
12/15/2014,0.1,32.8
12/16/2014,0.3,32
12/17/2014,12.5,26.9
12/18/2014,8,30.3
12/19/2014,37.9,28.3
12/20/2014,15.8,23.8
12/21/2014,42,29.8
12/22/2014,24,24.8
12/23/2014,26.3,25.6
12/24/2014,137.1,25.5
12/25/2014,119.3,25.5
12/26/2014,0.5,24.5
12/27/2014,25.2,24.8
12/28/2014,20.5,26.2
12/29/2014,14.5,28.4
12/30/2014,0.6,28.3
12/31/2014,0,31.8
1/1/2015,0,30.8
1/2/2015,0,31.8
1/3/2015,0,32.7
1/4/2015,0,32.8
1/5/2015,0,32.5
1/6/2015,0.1,32.2
1/7/2015,0,31.8
1/8/2015,0,32
1/9/2015,0,32.2
1/10/2015,0,30.7
1/11/2015,0,30.8
1/12/2015,0,30.4
1/13/2015,0,30.9
1/14/2015,0,31.9
1/15/2015,0,31.8
1/16/2015,0,33.2
1/17/2015,0,32.7
1/18/2015,0,32.5
1/19/2015,0,32.1
1/20/2015,0,33
1/21/2015,0,32.7
1/22/2015,0,33.1
1/23/2015,0,33.2
1/24/2015,0,32.7
1/25/2015,0,31.3
1/26/2015,0,31.2
1/27/2015,0,32.6
1/28/2015,0,33.7
1/29/2015,0,32.2
1/30/2015,5.8,32.7
1/31/2015,0,32.6
2/1/2015,0,33.4
2/2/2015,2.6,30.7
2/3/2015,9.2,26.8
2/4/2015,0,30.9
2/5/2015,0,32.7
2/6/2015,0,32
2/7/2015,0,33.3
2/8/2015,0,33.2
2/9/2015,1.1,32.6
2/10/2015,2,32.5
2/11/2015,0,33.2
2/12/2015,0,33.8
2/13/2015,0,33.8
2/14/2015,0,34.3
2/15/2015,0,33.4
2/16/2015,0,33
2/17/2015,0,32.4
2/18/2015,0,33.6
2/19/2015,0,33.5
2/20/2015,0,33.5
2/21/2015,0,33.7
2/22/2015,0,33.2
2/23/2015,4.1,30.8
2/24/2015,10,33.5
2/25/2015,0,33.5
2/26/2015,0.4,33.6
2/27/2015,4.9,32.7
2/28/2015,0,33.9
3/1/2015,90.5,34.2
3/2/2015,2.3,33.6
3/3/2015,0,33.6
3/4/2015,39.7,33.7
3/5/2015,0,33.8
3/6/2015,0,33.8
3/7/2015,0,34.2
3/8/2015,0,34.3
3/9/2015,0,33.6
3/10/2015,0,32.8
3/11/2015,0,33.9
3/12/2015,0,33
3/13/2015,0,32.2
3/14/2015,0,31
3/15/2015,0.2,33.8
3/16/2015,2.4,34
3/17/2015,0,34.6
3/18/2015,0,34.4
3/19/2015,0,34.6
3/20/2015,0,35.1
3/21/2015,0,35.1
3/22/2015,0,35.8
3/23/2015,0,36.7
3/24/2015,0,36.5
3/25/2015,0,35.8
3/26/2015,0,35.8
3/27/2015,0,34.5
3/28/2015,0,36.4
3/29/2015,0.1,36.9
3/30/2015,17.2,36.1
3/31/2015,54.8,35.7
4/1/2015,39,33.8
4/2/2015,30.6,33.5
4/3/2015,0,33.7
4/4/2015,0,34.6
4/5/2015,0,35
4/6/2015,0,35.1
4/7/2015,3.8,33.6
4/8/2015,0.1,29.2
4/9/2015,0,34.6
4/10/2015,16.1,35
4/11/2015,0,32.7
4/12/2015,21.4,33.3
4/13/2015,0.8,29.2
4/14/2015,5.4,33.8
4/15/2015,2.2,33.9
4/16/2015,2.5,32.7
4/17/2015,0,33.3
4/18/2015,21.6,34.4
4/19/2015,24.5,34.3
4/20/2015,26.9,33.4
4/21/2015,0.4,31.7
4/22/2015,0,33.4
4/23/2015,9.9,33.8
4/24/2015,33.8,34.9
4/25/2015,19,28.2
4/26/2015,89.4,33.8
4/27/2015,0,33.2
4/28/2015,11.3,33.7
4/29/2015,8.8,33.8
4/30/2015,0,33.5
5/1/2015,0,33.4
5/2/2015,0,33.6
5/3/2015,10.5,34.6
5/4/2015,0,33
5/5/2015,0,33.2
5/6/2015,1.4,33.4
5/7/2015,15.1,33.6
5/8/2015,0,32.2
5/9/2015,0.1,32
5/10/2015,97.9,33.1
5/11/2015,1.2,30.7
5/12/2015,0,33.5
5/13/2015,1.3,32
5/14/2015,0.5,33.2
5/15/2015,0,32.9
5/16/2015,9,32.7
5/17/2015,12.7,30.9
5/18/2015,8.2,31.7
5/19/2015,1,33
5/20/2015,0.2,32.1
5/21/2015,0.3,31.7
5/22/2015,0.1,32.8
5/23/2015,0.1,32.5
5/24/2015,0,33.2
5/25/2015,0,32.7
5/26/2015,0,32.8
5/27/2015,0,33.1
5/28/2015,0,33.2
5/29/2015,0,32.9
5/30/2015,0,33.5
5/31/2015,0.2,32.5
6/1/2015,2.5,32.2
6/2/2015,0,32.5
6/3/2015,2.5,34.2
6/4/2015,5,32
6/5/2015,4.3,31.1
6/6/2015,0,33
6/7/2015,0,33.7
6/8/2015,0,33.6
6/9/2015,0,33.3
6/10/2015,0,33.2
6/11/2015,11.7,33.2
6/12/2015,0.1,31.8
6/13/2015,0,33.2
6/14/2015,0,33.2
6/15/2015,14.2,31.1
6/16/2015,4.9,29.6
6/17/2015,2.3,30.8
6/18/2015,2.2,30.2
6/19/2015,0,31.9
6/20/2015,0.2,33
6/21/2015,0.2,32.8
6/22/2015,0.9,33.4
6/23/2015,0.7,33.2
6/24/2015,0.1,33.2
6/25/2015,1.6,33
6/26/2015,6.2,31.7
6/27/2015,2.9,30.3
6/28/2015,0.9,31.8
6/29/2015,1.2,28.8
6/30/2015,11.8,31.7
7/1/2015,0,32.5
7/2/2015,0,33.1
7/3/2015,0,32.8
7/4/2015,10.7,31.6
7/5/2015,0,32.1
7/6/2015,0,32
7/7/2015,0,32.7
7/8/2015,0,32.4
7/9/2015,0.1,32.7
7/10/2015,1.4,32.5
7/11/2015,1,31.3
7/12/2015,0,32.3
7/13/2015,0,33.2
7/14/2015,0,32.4
7/15/2015,0,32.9
7/16/2015,0.8,32.3
7/17/2015,0.2,31.2
7/18/2015,0,32.2
7/19/2015,0,31.7
7/20/2015,0,32.2
7/21/2015,0.6,32.7
7/22/2015,0.5,32
7/23/2015,0,32.8
7/24/2015,0,33.8
7/25/2015,0,33.2
7/26/2015,4.8,31.6
7/27/2015,0,32.7
7/28/2015,0,32.6
7/29/2015,0,34.7
7/30/2015,0,33.9
7/31/2015,0,34.2
8/1/2015,0,34.3
8/2/2015,0,33.5
8/3/2015,1.5,33.7
8/4/2015,2.6,32.8
8/5/2015,5.3,31.2
8/6/2015,0,33.6
8/7/2015,0,34
8/8/2015,0,32.5
8/9/2015,0,32.7
8/10/2015,0.4,32.2
8/11/2015,1.7,32.1
8/12/2015,0.2,32.6
8/13/2015,0,34.2
8/14/2015,0,34
8/15/2015,13.9,35.5
8/16/2015,5.3,33.1
8/17/2015,20.2,34.3
8/18/2015,0,33.9
8/19/2015,0,33.8
8/20/2015,1.2,32
8/21/2015,0.1,32.9
8/22/2015,0.1,33.1
8/23/2015,0,33.3
8/24/2015,14.8,31.7
8/25/2015,0,32.6
8/26/2015,0,32.8
8/27/2015,0.7,30.8
8/28/2015,1.3,29.9
8/29/2015,5,32.6
8/30/2015,0,33.6
8/31/2015,0,34
9/1/2015,0,34.1
9/2/2015,0,33.7
9/3/2015,5.1,34.3
9/4/2015,2.6,32.3
9/5/2015,0,32.1
9/6/2015,0,33.8
9/7/2015,0.2,30.1
9/8/2015,0.3,32.2
9/9/2015,0,34
9/10/2015,62,31.7
9/11/2015,6.2,29.7
9/12/2015,9,30.7
9/13/2015,1.5,32.2
9/14/2015,0,31.8
9/15/2015,10.7,31.6
9/16/2015,8.8,30.2
9/17/2015,2.3,31.8
9/18/2015,1.9,31.6
9/19/2015,0,31.3
9/20/2015,1.1,31.6
9/21/2015,0,33.7
9/22/2015,0,33.1
9/23/2015,0.2,33.1
9/24/2015,2.4,33.1
9/25/2015,0,32.5
9/26/2015,0,32
9/27/2015,0,32.9
9/28/2015,0,32
9/29/2015,0,31.5
9/30/2015,10.7,31.2
10/1/2015,0,33.09999847
10/2/2015,0.2,34.20000076
10/3/2015,0,33
10/4/2015,14,31.5
10/5/2015,5.9,29.29999924
10/6/2015,0.1,31.60000038
10/7/2015,0,32.79999924
10/8/2015,0.6,32.59999847
10/9/2015,3.4,29.60000038
10/10/2015,0,33.20000076
10/11/2015,0,33.5
10/12/2015,0,33.90000153
10/13/2015,46.1,34.59999847
10/14/2015,4.7,32
10/15/2015,31.7,32.79999924
10/16/2015,0,33.29999924
10/17/2015,8.9,33.20000076
10/18/2015,5.5,32.20000076
10/19/2015,21.4,32.90000153
10/20/2015,15.1,32.70000076
10/21/2015,0,33.40000153
10/22/2015,10,33.20000076
10/23/2015,9.9,32.70000076
10/24/2015,15.9,29.79999924
10/25/2015,11.8,25.10000038
10/26/2015,44.4,30.89999962
10/27/2015,18.3,26.70000076
10/28/2015,0,28.79999924
10/29/2015,2.5,31
10/30/2015,12.1,31.5
10/31/2015,0,32.59999847
11/1/2015,48.7,32.09999847
11/2/2015,34.1,31.29999924
11/3/2015,0.3,29.20000076
11/4/2015,0,32.40000153
11/5/2015,30.7,32.20000076
11/6/2015,2.4,32.20000076
11/7/2015,3.2,32.70000076
11/8/2015,5.5,30.70000076
11/9/2015,0,31
11/10/2015,0.1,32.09999847
11/11/2015,0,32.5
11/12/2015,21.8,32.70000076
11/13/2015,44.4,29.79999924
11/14/2015,36.6,26.60000038
11/15/2015,32.2,25.89999962
11/16/2015,4.1,30.10000038
11/17/2015,3.9,30.60000038
11/18/2015,0,32.59999847
11/19/2015,49.1,33.20000076
11/20/2015,17.8,32.79999924
11/21/2015,0.4,29.79999924
11/22/2015,0.3,33
11/23/2015,0.3,33.40000153
11/24/2015,0,33.40000153
11/25/2015,0,32.90000153
11/26/2015,0,32.5
11/27/2015,0,32.20000076
11/28/2015,0,29.70000076
11/29/2015,33,31.70000076
11/30/2015,53.1,30.70000076
12/1/2015,11.3,32.40000153
12/2/2015,12.8,31.70000076
12/3/2015,15.8,31.10000038
12/4/2015,7.2,29.29999924
12/5/2015,0,30.39999962
12/6/2015,3,32.09999847
12/7/2015,7.2,30.79999924
12/8/2015,52.9,28.5
12/9/2015,0.7,33.70000076
12/10/2015,1.6,28.79999924
12/11/2015,2,32
12/12/2015,2.2,30.29999924
12/13/2015,77.3,32.29999924
12/14/2015,39.1,32.70000076
12/15/2015,0,32.29999924
12/16/2015,0,31.70000076
12/17/2015,0.1,31.79999924
12/18/2015,14.1,30.70000076
12/19/2015,0.1,28
12/20/2015,0,32.70000076
12/21/2015,0,31.70000076
12/22/2015,0,31.89999962
12/23/2015,0,32
12/24/2015,0,31.70000076
12/25/2015,0,31.70000076
12/26/2015,0.1,31.5
12/27/2015,8.8,29.39999962
12/28/2015,1.4,32.70000076
12/29/2015,15.7,30.39999962
12/30/2015,0.5,31.39999962
12/31/2015,1.3,31.89999962
1/1/2016,0,30.89999962
1/2/2016,1.7,30.10000038
1/3/2016,0,31.79999924
1/4/2016,0,32.70000076
1/5/2016,0,33.40000153
1/6/2016,0,32.5
1/7/2016,0,31.70000076
1/8/2016,0,31.20000076
1/9/2016,0,32.09999847
1/10/2016,0,32.40000153
1/11/2016,0,32.09999847
1/12/2016,0,32.09999847
1/13/2016,0,31.20000076
1/14/2016,0,29.5
1/15/2016,0,31.89999962
1/16/2016,0,32.59999847
1/17/2016,0,32.5
1/18/2016,0,33.70000076
1/19/2016,0,34.09999847
1/20/2016,0,34.20000076
1/21/2016,0,34.40000153
1/22/2016,0,34
1/23/2016,0,33.29999924
1/24/2016,0,33.5
1/25/2016,0,34.20000076
1/26/2016,0,35.5
1/27/2016,0,34
1/28/2016,0,34.70000076
1/29/2016,0,33.20000076
1/30/2016,0,32.40000153
1/31/2016,0,31.79999924
2/1/2016,0,33.90000153
2/2/2016,0,32.40000153
2/3/2016,0,33
2/4/2016,0,32.79999924
2/5/2016,0,31.79999924
2/6/2016,0,34.79999924
2/7/2016,0,35.09999847
2/8/2016,0,34.59999847
2/9/2016,0,35
2/10/2016,0,34.79999924
2/11/2016,0,35
2/12/2016,0,35.79999924
2/13/2016,0,35
2/14/2016,0,35.5
2/15/2016,5,32.40000153
2/16/2016,0,31.20000076
2/17/2016,1.3,32.29999924
2/18/2016,1,32.70000076
2/19/2016,0,35.70000076
2/20/2016,21.2,35.20000076
2/21/2016,0,35.29999924
2/22/2016,0,35.40000153
2/23/2016,0,35.09999847
2/24/2016,0.2,34.40000153
2/25/2016,0,35
2/26/2016,0,35.79999924
2/27/2016,0,35.5
2/28/2016,0,35.70000076
2/29/2016,0,35.90000153
3/1/2016,0,35.70000076
3/2/2016,0,35.70000076
3/3/2016,0,35.90000153
3/4/2016,0,35.90000153
3/5/2016,0,36.70000076
3/6/2016,0,36.90000153
3/7/2016,0,36
3/8/2016,22.8,36.70000076
3/9/2016,52.7,35.79999924
3/10/2016,0.1,37.09999847
3/11/2016,0,37
3/12/2016,3.9,36.09999847
3/13/2016,0.5,36
3/14/2016,0,36
3/15/2016,2,35.70000076
3/16/2016,0,36.09999847
3/17/2016,0,35.79999924
3/18/2016,0,36.79999924
3/19/2016,0,36.40000153
3/20/2016,0,37.90000153
3/21/2016,0,33.70000076
3/22/2016,0,36.29999924
3/23/2016,0,37.40000153
3/24/2016,0,37.59999847
3/25/2016,0,37.5
3/26/2016,0,37.20000076
3/27/2016,21,37.59999847
3/28/2016,2.3,36
3/29/2016,7.7,36.40000153
3/30/2016,37.6,35
3/31/2016,0.1,35.09999847
4/1/2016,3.7,35
4/2/2016,0,35.20000076
4/3/2016,0,35.59999847
4/4/2016,37,35.70000076
4/5/2016,0,35.09999847
4/6/2016,0.1,35.20000076
4/7/2016,15.9,35.70000076
4/8/2016,0,35.29999924
4/9/2016,33.8,35.70000076
4/10/2016,4.3,34.20000076
4/11/2016,0,35
4/12/2016,0.1,34.79999924
4/13/2016,0,35.20000076
4/14/2016,4.7,36
4/15/2016,5.7,36.20000076
4/16/2016,28.9,35
4/17/2016,0.1,35.20000076
4/18/2016,0,34.20000076
4/19/2016,66.7,33.70000076
4/20/2016,1,34.79999924
4/21/2016,1.2,34.79999924
4/22/2016,0,35
4/23/2016,0,34.5
4/24/2016,0,34.90000153
4/25/2016,0,35.20000076
4/26/2016,54,35.5
4/27/2016,0.1,34.70000076
4/28/2016,10.6,35.29999924
4/29/2016,3.8,35.59999847
4/30/2016,34.8,33.79999924
5/1/2016,4.6,34.79999924
5/2/2016,4.4,34.79999924
5/3/2016,8,35
5/4/2016,0,35.5
5/5/2016,5.7,34.90000153
5/6/2016,0.5,33
5/7/2016,5.9,34
5/8/2016,46.9,35
5/9/2016,13.9,34.20000076
5/10/2016,45.9,33.5
5/11/2016,9.4,32.40000153
5/12/2016,0,31.60000038
5/13/2016,98.5,33
5/14/2016,15.6,30.70000076
5/15/2016,156.4,25.39999962
5/16/2016,81.9,26.39999962
5/17/2016,108.1,25.20000076
5/18/2016,2.2,31.89999962
5/19/2016,15.9,30.70000076
5/20/2016,8,31
5/21/2016,6.2,31.5
5/22/2016,0,33.40000153
5/23/2016,0,33.40000153
5/24/2016,3.1,32.20000076
5/25/2016,3.3,32.20000076
5/26/2016,0,33.20000076
5/27/2016,51.3,32
5/28/2016,0,31
5/29/2016,3.4,31.20000076
5/30/2016,22.3,31.39999962
5/31/2016,16.2,30.29999924
6/1/2016,3.1,32.59999847
6/2/2016,2.1,32.40000153
6/3/2016,0.4,32.20000076
6/4/2016,5,31.70000076
6/5/2016,4.4,32.09999847
6/6/2016,0,32.20000076
6/7/2016,12,32.20000076
6/8/2016,15.6,30.79999924
6/9/2016,11.5,31.29999924
6/10/2016,17.9,30.29999924
6/11/2016,0,31.79999924
6/12/2016,29.8,32.59999847
6/13/2016,4,31.79999924
6/14/2016,0,32.40000153
6/15/2016,0,31.60000038
6/16/2016,0,30.60000038
6/17/2016,17.7,30
6/18/2016,1.9,30.5
6/19/2016,0.4,31
6/20/2016,5.3,31.10000038
6/21/2016,0,30.89999962
6/22/2016,0,32.09999847
6/23/2016,0,31.29999924
6/24/2016,0,32.5
6/25/2016,0,32.09999847
6/26/2016,0,32.40000153
6/27/2016,0,31.60000038
6/28/2016,1.4,31.70000076
6/29/2016,0.5,30.79999924
6/30/2016,0,32.40000153
7/1/2016,0,32.59999847
7/2/2016,0,33.20000076
7/3/2016,0,34.79999924
7/4/2016,0,34.70000076
7/5/2016,0,33
7/6/2016,0,33.09999847
7/7/2016,4.7,33.59999847
7/8/2016,4.5,30.70000076
7/9/2016,24.5,30.5
7/10/2016,19.3,31
7/11/2016,0,31.89999962
7/12/2016,0,31.79999924
7/13/2016,0,31.79999924
7/14/2016,0,32.5
7/15/2016,4,30
7/16/2016,0.3,30.5
7/17/2016,0,32.79999924
7/18/2016,0.5,31.5
7/19/2016,0,32.59999847
7/20/2016,0,32.59999847
7/21/2016,0,32.40000153
7/22/2016,0,31.39999962
7/23/2016,0,31.20000076
7/24/2016,0.2,29.20000076
7/25/2016,0.7,31.89999962
7/26/2016,0.5,31.39999962
7/27/2016,4.7,31.10000038
7/28/2016,0,32.59999847
7/29/2016,19.1,32
7/30/2016,2.1,30.89999962
7/31/2016,0.1,31.5
8/1/2016,0,31.10000038
8/2/2016,0,32.40000153
8/3/2016,0,31.79999924
8/4/2016,0,32.29999924
8/5/2016,0,33.20000076
8/6/2016,0,33.20000076
8/7/2016,0,33.20000076
8/8/2016,0,33.79999924
8/9/2016,0,33.40000153
8/10/2016,0,33
8/11/2016,0,34
8/12/2016,0,33.79999924
8/13/2016,4.1,33.70000076
8/14/2016,0.8,30.89999962
8/15/2016,1,31.79999924
8/16/2016,0,32.09999847
8/17/2016,0,32
8/18/2016,0.5,32.59999847
8/19/2016,0,34
8/20/2016,0,33.70000076
8/21/2016,0,32.79999924
8/22/2016,7,31
8/23/2016,1,31
8/24/2016,0,33.20000076
8/25/2016,0.5,32.40000153
8/26/2016,0,33
8/27/2016,0,30
8/28/2016,0,33.70000076
8/29/2016,0,33.90000153
8/30/2016,0,32.20000076
8/31/2016,0,33.20000076
9/1/2016,0,33
9/2/2016,0.9,30.10000038
9/3/2016,0,32.40000153
9/4/2016,0,33.20000076
9/5/2016,0,34
9/6/2016,0,33.40000153
9/7/2016,0,34.09999847
9/8/2016,0,34.09999847
9/9/2016,0,33.5
9/10/2016,0,34.40000153
9/11/2016,0,33.29999924
9/12/2016,0,33.59999847
9/13/2016,0,33.79999924
9/14/2016,0.1,33.5
9/15/2016,0.6,32.70000076
9/16/2016,0.6,33.90000153
9/17/2016,0,33.70000076
9/18/2016,0,33.20000076
9/19/2016,0,33
9/20/2016,0,33.59999847
9/21/2016,0,33.59999847
9/22/2016,0,33.40000153
9/23/2016,0,33
9/24/2016,0,34.5
9/25/2016,0,33.40000153
9/26/2016,0,34.70000076
9/27/2016,0,33.79999924
9/28/2016,0,34
9/29/2016,0.1,34.20000076
9/30/2016,0,33.79999924
10/1/2016,11.07,NA
10/2/2016,11.07,NA
10/3/2016,11.07,NA
10/4/2016,11.07,NA
10/5/2016,11.07,NA
10/6/2016,11.07,NA
10/7/2016,11.07,NA
10/8/2016,11.07,NA
10/9/2016,11.07,NA
10/10/2016,11.07,NA
10/11/2016,11.07,NA
10/12/2016,11.07,NA
10/13/2016,11.07,NA
10/14/2016,11.07,NA
10/15/2016,11.07,NA
10/16/2016,11.07,NA
10/17/2016,11.07,NA
10/18/2016,11.07,NA
10/19/2016,11.07,NA
10/20/2016,11.07,NA
10/21/2016,11.07,NA
10/22/2016,11.07,NA
10/23/2016,11.07,NA
10/24/2016,11.07,NA
10/25/2016,11.07,NA
10/26/2016,11.07,NA
10/27/2016,11.07,NA
10/28/2016,11.07,NA
10/29/2016,11.07,NA
10/30/2016,11.07,NA
10/31/2016,11.07,NA
11/1/2016,9.4,NA
11/2/2016,9.4,NA
11/3/2016,9.4,NA
11/4/2016,9.4,NA
11/5/2016,9.4,NA
11/6/2016,9.4,NA
11/7/2016,9.4,NA
11/8/2016,9.4,NA
11/9/2016,9.4,NA
11/10/2016,9.4,NA
11/11/2016,9.4,NA
11/12/2016,9.4,NA
11/13/2016,9.4,NA
11/14/2016,9.4,NA
11/15/2016,9.4,NA
11/16/2016,9.4,NA
11/17/2016,9.4,NA
11/18/2016,9.4,NA
11/19/2016,9.4,NA
11/20/2016,9.4,NA
11/21/2016,9.4,NA
11/22/2016,9.4,NA
11/23/2016,9.4,NA
11/24/2016,9.4,NA
11/25/2016,9.4,NA
11/26/2016,9.4,NA
11/27/2016,9.4,NA
11/28/2016,9.4,NA
11/29/2016,9.4,NA
11/30/2016,9.4,NA
12/1/2016,4.29,NA
12/2/2016,4.29,NA
12/3/2016,4.29,NA
12/4/2016,4.29,NA
12/5/2016,4.29,NA
12/6/2016,4.29,NA
12/7/2016,4.29,NA
12/8/2016,4.29,NA
12/9/2016,4.29,NA
12/10/2016,4.29,NA
12/11/2016,4.29,NA
12/12/2016,4.29,NA
12/13/2016,4.29,NA
12/14/2016,4.29,NA
12/15/2016,4.29,NA
12/16/2016,4.29,NA
12/17/2016,4.29,NA
12/18/2016,4.29,NA
12/19/2016,4.29,NA
12/20/2016,4.29,NA
12/21/2016,4.29,NA
12/22/2016,4.29,NA
12/23/2016,4.29,NA
12/24/2016,4.29,NA
12/25/2016,4.29,NA
12/26/2016,4.29,NA
12/27/2016,4.29,NA
12/28/2016,4.29,NA
12/29/2016,4.29,NA
12/30/2016,4.29,NA
12/31/2016,4.29,NA
